name,ingredients,instructions,description
"Курица с клецками в медленноварке","4 куриных грудки без кожи и костей, 2 столовые ложки сливочного масла, 2 банки сгущенного куриного супа, 1 луковица мелко нарезанная, 2 упаковки охлажденного теста для булочек разорванного на кусочки","Положите курицу, масло, суп и лук в медленноварку и залейте водой чтобы покрыть. Накройте и готовьте 5-6 часов на высокой температуре. За 30 минут до подачи добавьте разорванное тесто для булочек в медленноварку. Готовьте пока тесто не перестанет быть сырым в центре.","простой ужин для всей семьи"
"Отличное жаркое в медленноварке","2 банки сгущенного грибного супа, 1 пакетик сухого лукового супа, 1 1/4 стакана воды, 5 1/2 фунтов жаркого","В медленноварке смешайте грибной суп, сухой луковый суп и воду. Положите жаркое в медленноварку и покройте суповой смесью. Готовьте на высокой температуре 3-4 часа или на низкой температуре 8-9 часов.","нежное мясо с грибным вкусом"
"Мясной рулет с коричневым сахаром","1/2 стакана упакованного коричневого сахара, 1/2 стакана кетчупа, 1 1/2 фунта нежирного говяжьего фарша, 3/4 стакана молока, 2 яйца, 1 1/2 чайной ложки соли, 1/4 чайной ложки молотого черного перца, 1 небольшая луковица нарезанная, 1/4 чайной ложки молотого имбиря, 3/4 стакана мелко измельченных крекеров","Разогрейте духовку до 175 градусов C. Слегка смажьте форму для хлеба размером 5x9 дюймов. Нажмите коричневый сахар на дно подготовленной формы и намажьте кетчуп поверх сахара. В миске тщательно смешайте все оставшиеся ингредиенты и сформируйте рулет. Положите поверх кетчупа. Выпекайте в разогретой духовке 1 час или до тех пор пока соки не станут прозрачными.","сладкий и сочный мясной рулет"
"Лучшие шоколадные печенья","1 стакан сливочного масла размягченного, 1 стакан белого сахара, 1 стакан упакованного коричневого сахара, 2 яйца, 2 чайные ложки ванильного экстракта, 3 стакана муки, 1 чайная ложка пищевой соды, 2 чайные ложки горячей воды, 1/2 чайной ложки соли, 2 стакана полусладких шоколадных чипсов, 1 стакан измельченных грецких орехов","Разогрейте духовку до 175 градусов C. Взбейте масло, белый и коричневый сахар до гладкости. По одному добавьте яйца, затем ваниль. Растворите пищевую соду в горячей воде и добавьте в тесто вместе с солью. Вмешайте муку, шоколадные чипсы и орехи. Выложите большими ложками на несмазанные противни. Выпекайте около 10 минут пока края не подрумянятся.","хрустящие и мягкие шоколадные печенья"
"Домашняя запеканка с макаронами и сыром","8 унций цельнозерновой пасты ротини, 3 стакана свежих брокколи, 1 средняя луковица нарезанная, 3 зубчика чеснока измельченных, 4 столовые ложки сливочного масла, 2 столовые ложки муки, 1/4 чайной ложки соли, 1/8 чайной ложки молотого черного перца, 2 1/2 стакана молока, 8 унций сыра чеддер натертого, 4 унции обезжиренного сливочного сыра нарезанного кубиками, 1/2 стакана итальянских панировочных сухарей","Разогрейте духовку до 175 градусов C. Приготовьте пасту в большой кастрюле согласно инструкции добавив брокколи за последние 3 минуты. Слейте воду верните в кастрюлю. Обжарьте лук и чеснок в 2 столовых ложках масла в большой сковороде 5-7 минут. Добавьте муку соль и перец. Влейте молоко. Готовьте помешивая до загустения. Добавьте чеддер и сливочный сыр помешивая до расплавления. Вылейте сырный соус на пасту и брокколи перемешайте. Растопите оставшиеся 2 столовые ложки масла и смешайте с панировочными сухарями. Переложите пасту в форму посыпьте масляными сухарями. Выпекайте около 25 минут пока не начнет пузыриться и внутренняя температура не достигнет 74 градусов C. Дайте постоять 10 минут перед подачей.","сырная запеканка с овощами"
"Банановый хлеб","2 стакана муки, 1 чайная ложка пищевой соды, 1/4 чайной ложки соли, 1/2 стакана сливочного масла, 3/4 стакана коричневого сахара, 2 яйца взбитых, 2 1/3 стакана пюре из перезрелых бананов","Разогрейте духовку до 175 градусов C. Слегка смажьте форму для хлеба размером 9x5 дюймов. В большой миске смешайте муку пищевую соду и соль. В отдельной миске взбейте масло и коричневый сахар. Добавьте яйца и пюре из бананов перемешайте. Влейте банановую смесь в мучную смесь перемешайте до увлажнения. Вылейте тесто в подготовленную форму. Выпекайте 60-65 минут пока зубочистка вставленная в центр не выйдет чистой. Дайте хлебу остыть в форме 10 минут затем выложите на решетку.","влажный и ароматный банановый хлеб"
"Рыбный пирог от шеф-повара Джона","Для картофельной корочки: 3 картофелины сорта Рассет очищенные и нарезанные кубиками, 3 столовые ложки сливочного масла, щепотка свеженатертого мускатного ореха, соль и молотый черный перец по вкусу, щепотка кайенского перца по вкусу, 1/2 стакана молока; Для шпината: 2 чайные ложки оливкового масла, 12 унций листьев молодого шпината; Для соуса: 3 столовые ложки сливочного масла, 3 столовые ложки муки, 2 зубчика чеснока измельченных, 2 стакана холодного молока, 2 чайные ложки цедры лимона; Для остального: 1 столовая ложка сливочного масла, соль и молотый черный перец по вкусу, щепотка кайенского перца по вкусу, 2 фунта филе трески без костей, сок половины лимона, 1 столовая ложка нарезанного свежего шнитт-лука для украшения","Доведите большую кастрюлю подсоленной воды до кипения; добавьте картофель и варите до мягкости около 20 минут. Слейте воду. Разомните с 3 столовыми ложками масла до однородности. Приправьте мускатным орехом солью черным перцем и кайенским перцем по вкусу. Разомните с 1/2 стакана молока до гладкости. В большой сковороде разогрейте оливковое масло на средне-высоком огне добавьте шпинат и приправьте солью. Готовьте помешивая пока шпинат не завянет около 1 минуты. Переложите в миску выстланную бумажными полотенцами чтобы удалить лишнюю влагу. В кастрюле разогрейте 3 столовые ложки масла и муку на среднем огне; взбейте до гладкой пасты. Готовьте постоянно помешивая пока смесь не приобретет ореховый запах и слегка не подрумянится около 2 минут. Добавьте измельченный чеснок; взбейте до появления аромата 10-20 секунд. Влейте 1 стакан холодного молока в мучную смесь; готовьте до загустения. Влейте оставшийся 1 стакан молока и цедру лимона. Доведите белый соус до слабого кипения постоянно помешивая; приправьте солью. Уменьшите огонь до очень низкого и держите соус теплым. Разогрейте духовку до 190 градусов C. Смажьте форму для запекания размером 8x12 дюймов 1 столовой ложкой масла. Приправьте смазанную форму солью черным перцем и кайенским перцем. Выложите филе трески в один слой. Приправьте верх филе солью черным перцем и кайенским перцем. Равномерно распределите шпинат по рыбе и сбрызните лимонным соком. Вылейте белый соус на шпинат; несколько раз постучите и встряхните форму чтобы удалить пузырьки. Выложите картофельное пюре ложками поверх запеканки и разровняйте. Поставьте форму на противень с бортиками. Выпекайте в разогретой духовке до появления пузырьков около 40 минут. Включите гриль и подрумяньте картофельную корочку до золотистого цвета около 2 минут. Рыба должна легко распадаться на кусочки. Дайте постоять 10 минут перед подачей. Украсьте шнитт-луком.","рыбный пирог с картофельной корочкой"
"Мамин кабачковый хлеб","3 стакана муки, 1 чайная ложка соли, 1 чайная ложка пищевой соды, 1 чайная ложка разрыхлителя, 1 столовая ложка молотой корицы, 3 яйца, 1 стакан растительного масла, 2 1/4 стакана белого сахара, 3 чайные ложки ванильного экстракта, 2 стакана тертых кабачков, 1 стакан измельченных грецких орехов","Смажьте и посыпьте мукой две формы для хлеба размером 8x4 дюйма. Разогрейте духовку до 165 градусов C. Просейте муку соль разрыхлитель пищевую соду и корицу в миске. Взбейте яйца масло ваниль и сахар в большой миске. Добавьте просеянные ингредиенты к взбитой смеси и хорошо перемешайте. Добавьте кабачки и орехи перемешайте. Вылейте тесто в подготовленные формы. Выпекайте 40-60 минут или пока тестер вставленный в центр не выйдет чистым. Остудите в форме на решетке 20 минут. Выньте хлеб из формы и дайте полностью остыть.","влажный хлеб с кабачками и орехами"
"Лучшие сахарные печенья","1 1/2 стакана сливочного масла размягченного, 2 стакана белого сахара, 4 яйца, 1 чайная ложка ванильного экстракта, 5 стаканов муки, 2 чайные ложки разрыхлителя, 1 чайная ложка соли","В большой миске взбейте масло и сахар до гладкости. По одному добавьте яйца и ваниль. Вмешайте муку разрыхлитель и соль. Накройте и охладите тесто не менее одного часа (или на ночь). Разогрейте духовку до 200 градусов C. Раскатайте тесто на посыпанной мукой поверхности толщиной 1/4-1/2 дюйма. Вырежьте фигурки любыми формами. Выложите печенья на несмазанные противни на расстоянии 1 дюйм друг от друга. Выпекайте 6-8 минут в разогретой духовке. Полностью остудите.","идеальные печенья для украшения"
"Чилийские крабы по-сингапурски","Для соуса: 1/2 стакана кетчупа, 1/2 стакана куриного бульона, 1 большое яйцо, 2 столовые ложки соевого соуса, 2 столовые ложки чили-чесночного соуса, 1 столовая ложка устричного соуса, 1 столовая ложка пасты тамаринда, 2 чайные ложки рыбного соуса, 2 чайные ложки пальмового сахара, 1/4 стакана измельченного лука-шалота, 6 зубчиков чеснока измельченных, 2 столовые ложки растительного масла, 2 столовые ложки измельченного свежего имбиря, 1 столовая ложка измельченного перца серрано, 2 приготовленных краба Дангенесс очищенных и разрезанных, 2 столовые ложки нарезанной свежей кинзы, 2 столовые ложки нарезанного зеленого лука (только зеленая часть)","Взбейте кетчуп куриный бульон яйцо соевый соус чили-чесночный соус устричный соус пасту тамаринда рыбный соус и пальмовый сахар в миске. В большой кастрюле на средне-высоком огне обжарьте лук-шалот чеснок масло имбирь и перец серрано до появления аромата около 2 минут. Добавьте крабов в кастрюлю накройте крышкой и встряхните пока крабы не покроются смесью лука-шалота. Снимите крышку и готовьте помешивая пока не прогреется около 3 минут. Влейте смесь кетчупа в кастрюлю уменьшите огонь до среднего и готовьте помешивая пока соус не загустеет а крабы не прогреются около 5 минут. Снимите с огня; добавьте кинзу и зеленый лук.","острые крабы с азиатским соусом"
"Тыквенный хлеб из Даунтауна Мэн","1 банка тыквенного пюре, 4 яйца, 1 стакан растительного масла, 2/3 стакана воды, 3 стакана белого сахара, 3 1/2 стакана муки, 2 чайные ложки пищевой соды, 1 1/2 чайной ложки соли, 1 чайная ложка молотой корицы, 1 чайная ложка молотого мускатного ореха, 1/2 чайной ложки молотой гвоздики, 1/4 чайной ложки молотого имбиря","Разогрейте духовку до 175 градусов C. Смажьте и посыпьте мукой три формы для хлеба размером 7x3 дюйма. В большой миске смешайте тыквенное пюре яйца масло воду и сахар до однородности. В отдельной миске взбейте муку пищевую соду соль корицу мускатный орех гвоздику и имбирь. Добавьте сухие ингредиенты в тыквенную смесь перемешайте до однородности. Вылейте в подготовленные формы. Выпекайте около 50 минут в разогретой духовке. Хлеб готов когда зубочистка вставленная в центр выходит чистой.","ароматный тыквенный хлеб с пряностями"
"Лучшие большие толстые жевательные шоколадные печенья","2 стакана муки, 1/2 чайной ложки пищевой соды, 1/2 чайной ложки соли, 3/4 стакана несоленого сливочного масла растопленного, 1 стакан упакованного коричневого сахара, 1/2 стакана белого сахара, 1 столовая ложка ванильного экстракта, 1 яйцо, 1 яичный желток, 2 стакана полусладких шоколадных чипсов","Разогрейте духовку до 165 градусов C. Смажьте противни или застелите пергаментной бумагой. Просейте муку пищевую соду и соль; отложите. В средней миске взбейте растопленное масло коричневый и белый сахар до однородности. Добавьте ваниль яйцо и яичный желток взбейте до легкой и кремовой консистенции. Добавьте просеянные ингредиенты перемешайте до однородности. Вручную добавьте шоколадные чипсы. Выкладывайте тесто по 1/4 стакана на подготовленные противни. Печенья должны быть на расстоянии около 3 дюймов друг от друга. Выпекайте 15-17 минут в разогретой духовке или пока края не подрумянятся. Остудите на противнях несколько минут затем переложите на решетки для полного остывания.","большие и жевательные шоколадные печенья"
"Пюре из цветной капусты 'Картофель' от Эйми","1 фунт соцветий цветной капусты, 1/4 стакана картофельных хлопьев, 1/4 стакана обезжиренного молока, 2 столовые ложки маргарина, соль и молотый черный перец по вкусу, 1/4 стакана тертого обезжиренного сыра чеддер","Разогрейте духовку до 190 градусов C. Поставьте пароварку в кастрюлю и налейте воду до уровня ниже дна пароварки. Доведите воду до кипения. Добавьте цветную капусту накройте и готовьте на пару до мягкости около 20 минут. Переложите цветную капусту в большую миску. Добавьте картофельные хлопья молоко и маргарин; разомните картофелемялкой или вилкой до пышности. Приправьте солью и черным перцем. Выложите смесь в форму для запекания и посыпьте сыром чеддер. Выпекайте в разогретой духовке пока сыр не расплавится около 10 минут.","легкое и низкокалорийное пюре"
"Ирландское рагу из баранины","1 1/2 фунта толстонарезанного бекона нарезанного кубиками, 6 фунтов бараньей лопатки без костей нарезанной на 2-дюймовые куски, 1/2 чайной ложки соли, 1/2 чайной ложки молотого черного перца, 1/2 стакана муки, 3 зубчика чеснока измельченных, 1 большая луковица нарезанная, 1/2 стакана воды, 4 стакана говяжьего бульона, 2 чайные ложки белого сахара, 4 стакана нарезанной моркови, 2 большие луковицы нарезанные на кусочки, 3 картофелины, 1 чайная ложка сушеного тимьяна, 2 лавровых листа, 1 стакан белого вина","Обжарьте бекон в большой глубокой сковороде на среднем огне до равномерного подрумянивания. Слейте жир раскрошите и отложите. Положите баранину соль перец и муку в большую миску. Перемешайте чтобы равномерно покрыть мясо. Обжарьте мясо на сковороде с жиром от бекона. Положите мясо в кастрюлю (оставьте 1/4 стакана жира на сковороде). Добавьте чеснок и желтую луковицу и обжарьте пока луковица не начнет золотиться. Деглазируйте сковороду 1/2 стакана воды и добавьте смесь чеснока и лука в кастрюлю с беконом говяжьим бульоном и сахаром. Накройте и тушите 1 1/2 часа. Добавьте морковь лук картофель тимьян лавровые листья и вино в кастрюлю. Уменьшите огонь и тушите под крышкой 20 минут пока овощи не станут мягкими.","традиционное ирландское рагу с бараниной"
"Муффины с черникой от которых можно умереть","1 1/2 стакана муки, 3/4 стакана белого сахара, 1/2 чайной ложки соли, 2 чайные ложки разрыхлителя, 1/3 стакана растительного масла, 1 яйцо, 1/3 стакана молока, 1 стакан свежей черники, 1/2 стакана белого сахара, 1/3 стакана муки, 1/4 стакана сливочного масла нарезанного кубиками, 1 1/2 чайной ложки молотой корицы","Разогрейте духовку до 200 градусов C. Смажьте формы для муффинов или застелите бумажными вкладышами. Смешайте 1 1/2 стакана муки 3/4 стакана сахара соль и разрыхлитель. В 1-стаканную мерную чашку налейте растительное масло; добавьте яйцо и достаточное количество молока чтобы заполнить чашку. Смешайте с мучной смесью. Добавьте чернику. Наполните формы для муффинов до верха и посыпьте крошкой. Для крошки: смешайте 1/2 стакана сахара 1/3 стакана муки 1/4 стакана масла и 1 1/2 чайной ложки корицы. Перемешайте вилкой и посыпьте муффины перед выпечкой. Выпекайте 20-25 минут в разогретой духовке или до готовности.","сочные муффины с черникой и крошкой"
"Жареный тилапия с пармезаном","1/2 стакана сыра пармезан, 1/4 стакана сливочного масла размягченного, 3 столовые ложки майонеза, 2 столовые ложки свежего лимонного сока, 1/4 чайной ложки сушеного базилика, 1/4 чайной ложки молотого черного перца, 1/8 чайной ложки лукового порошка, 1/8 чайной ложки сельдереевой соли, 2 фунта филе тилапии","Разогрейте гриль в духовке. Смажьте противень для гриля или застелите алюминиевой фольгой. В небольшой миске смешайте пармезан масло майонез и лимонный сок. Приправьте базиликом перцем луковым порошком и сельдереевой солью. Хорошо перемешайте и отложите. Выложите филе в один слой на подготовленный противень. Жарьте в нескольких дюймах от источника тепла 2-3 минуты. Переверните филе и жарьте еще пару минут. Выньте филе из духовки и покройте смесью пармезана сверху. Жарьте еще 2 минуты или пока верх не подрумянится а рыба не будет легко распадаться вилкой. Будьте осторожны чтобы не пережарить рыбу.","быстрая и вкусная рыба с сыром"
"Наградные мягкие шоколадные печенья","4 1/2 стакана муки, 2 чайные ложки пищевой соды, 2 стакана сливочного масла размягченного, 1 1/2 стакана упакованного коричневого сахара, 1/2 стакана белого сахара, 2 упаковки мгновенного ванильного пудинга, 4 яйца, 2 чайные ложки ванильного экстракта, 4 стакана полусладких шоколадных чипсов, 2 стакана измельченных грецких орехов (по желанию)","Разогрейте духовку до 175 градусов C. Просейте муку и пищевую соду отложите. В большой миске взбейте масло коричневый и белый сахар. Добавьте пудинг до однородности. Добавьте яйца и ваниль. Влейте мучную смесь. Наконец добавьте шоколадные чипсы и орехи. Выкладывайте тесто округлыми ложками на несмазанные противни. Выпекайте 10-12 минут в разогретой духовке. Края должны быть золотисто-коричневыми.","мягкие и пышные шоколадные печенья"
"Лучшая в мире лазанья","1 фунт сладкой итальянской колбасы, 3/4 фунта нежирного говяжьего фарша, 1/2 стакана измельченного лука, 2 зубчика чеснока измельченных, 1 банка дробленых помидоров, 2 банки томатной пасты, 2 банки томатного соуса, 1/2 стакана воды, 2 столовые ложки белого сахара, 1 1/2 чайной ложки сушеных листьев базилика, 1/2 чайной ложки семян фенхеля, 1 чайная ложка итальянской приправы, 1 столовая ложка соли, 1/4 чайной ложки молотого черного перца, 4 столовые ложки нарезанной свежей петрушки, 12 листов лазаньи, 16 унций сыра рикотта, 1 яйцо, 1/2 чайной ложки соли, 3/4 фунта сыра моцарелла нарезанного, 3/4 стакана тертого сыра пармезан","В голландской печи обжарьте колбасу говяжий фарш лук и чеснок на среднем огне до подрумянивания. Добавьте дробленые помидоры томатную пасту томатный соус и воду. Приправьте сахаром базиликом семенами фенхеля итальянской приправой 1 столовой ложкой соли перцем и 2 столовыми ложками петрушки. Тушите под крышкой около 1 1/2 часов периодически помешивая. Доведите большую кастрюлю с подсоленной водой до кипения. Варите листы лазаньи 8-10 минут. Слейте воду промойте холодной водой. В миске смешайте рикотту с яйцом оставшейся петрушкой и 1/2 чайной ложки соли. Разогрейте духовку до 190 градусов C. Для сборки: выложите 1 1/2 стакана мясного соуса на дно формы для выпечки размером 9x13 дюймов. Выложите 6 листов лазаньи вдоль поверх мясного соуса. Намажьте половиной смеси рикотты. Сверху выложите треть сыра моцарелла. Выложите 1 1/2 стакана мясного соуса на моцареллу и посыпьте 1/4 стакана пармезана. Повторите слои а сверху выложите оставшуюся моцареллу и пармезан. Накройте фольгой: чтобы предотвратить прилипание смажьте фольгу кулинарным спреем или убедитесь что фольга не касается сыра. Выпекайте в разогретой духовке 25 минут. Снимите фольгу и выпекайте еще 25 минут. Остудите 15 минут перед подачей.","классическая итальянская лазанья с мясом"
"Лучшие брауни","1/2 стакана сливочного масла, 1 стакан белого сахара, 2 яйца, 1 чайная ложка ванильного экстракта, 1/3 стакана несладкого какао-порошка, 1/2 стакана муки, 1/4 чайной ложки соли, 1/4 чайной ложки разрыхлителя, Для глазури: 3 столовые ложки сливочного масла размягченного, 3 столовые ложки несладкого какао-порошка, 1 столовая ложка меда, 1 чайная ложка ванильного экстракта, 1 стакан сахарной пудры","Разогрейте духовку до 175 градусов C. Смажьте и посыпьте мукой форму размером 8 дюймов. В большой кастрюле растопите 1/2 стакана масла. Снимите с огня и добавьте сахар яйца и 1 чайную ложку ванили. Добавьте 1/3 стакана какао 1/2 стакана муки соль и разрыхлитель. Выложите тесто в подготовленную форму. Выпекайте в разогретой духовке 25-30 минут. Не пережарьте. Для глазури: смешайте 3 столовые ложки размягченного масла 3 столовые ложки какао мед 1 чайную ложку ванильного экстракта и 1 стакан сахарной пудры. Перемешайте до гладкости. Намажьте брауни пока они еще теплые.","шоколадные брауни с глазурью"
"Ирландский содовый хлеб","1/2 стакана белого сахара, 4 стакана муки, 2 чайные ложки разрыхлителя, 1 чайная ложка пищевой соды, 3/4 чайной ложки соли, 3 стакана изюма, 1 столовая ложка семян тмина, 2 яйца слегка взбитых, 1 1/4 стакана пахты, 1 стакан сметаны","Разогрейте духовку до 175 градусов C. Смажьте 9-дюймовую круглую чугунную сковороду или 9-дюймовую круглую форму для выпечки. В миске смешайте муку (оставьте 1 столовую ложку) сахар разрыхлитель пищевую соду соль изюм и тмин. В маленькой миске смешайте яйца пахту и сметану. Добавьте жидкую смесь в мучную смесь перемешайте до увлажнения. Замесите тесто в миске около 10-12 раз. Тесто будет липким. Выложите тесто в подготовленную сковороду и разровняйте. Сделайте надрез глубиной 4x3/4 дюйма в верхней части хлеба. Посыпьте оставшейся мукой. Выпекайте в разогретой духовке 65-75 минут. Остудите и выложите хлеб на решетку.","традиционный ирландский хлеб с изюмом"
"Вкусный суп с ветчиной и картофелем","3 1/2 стакана очищенного и нарезанного кубиками картофеля, 1/3 стакана нарезанного сельдерея, 1/3 стакана мелко нарезанного лука, 3/4 стакана нарезанной вареной ветчины, 3 1/4 стакана воды, 2 столовые ложки куриного бульона, 1/2 чайной ложки соли или по вкусу, 1 чайная ложка молотого белого или черного перца или по вкусу, 5 столовых ложек сливочного масла, 5 столовых ложек муки, 2 стакана молока","Смешайте картофель сельдерей лук ветчину и воду в кастрюле. Доведите до кипения затем варите на среднем огне до мягкости картофеля около 10-15 минут. Добавьте куриный бульон соль и перец. В отдельной кастрюле растопите масло на среднем огне. Всыпьте муку вилкой и готовьте постоянно помешивая до загустения около 1 минуты. Медленно влейте молоко не допуская образования комков пока не добавите все молоко. Продолжайте помешивать на среднем огне до загустения 4-5 минут. Влейте молочную смесь в кастрюлю и готовьте суп до прогрева. Подавайте немедленно.","теплый и сытный картофельный суп"
"Куриный пирог IX","1 фунт куриных грудок без кожи и костей нарезанных кубиками, 1 стакан нарезанной моркови, 1 стакан замороженного зеленого горошка, 1/2 стакана нарезанного сельдерея, 1/3 стакана сливочного масла, 1/3 стакана нарезанного лука, 1/3 стакана муки, 1/2 чайной ложки соли, 1/4 чайной ложки черного перца, 1/4 чайной ложки семян сельдерея, 1 3/4 стакана куриного бульона, 2/3 стакана молока, 2 неиспеченных коржа для пирога","Разогрейте духовку до 220 градусов C. В кастрюле смешайте курицу морковь горошек и сельдерей. Залейте водой и варите 15 минут. Снимите с огня слейте воду и отложите. В кастрюле на среднем огне обжарьте лук в масле до мягкости и прозрачности. Добавьте муку соль перец и семена сельдерея. Медленно влейте куриный бульон и молоко. Тушите на средне-низком огне до загустения. Снимите с огня и отложите. Выложите куриную смесь в нижний корж. Вылейте горячую жидкую смесь поверх. Накройте верхним коржом запечатайте края и срежьте излишки теста. Сделайте несколько маленьких надрезов в верхней части чтобы выходил пар. Выпекайте в разогретой духовке 30-35 минут или пока тесто не станет золотисто-коричневым а начинка не начнет пузыриться. Остудите 10 минут перед подачей.","классический куриный пирог с овощами"
"Пышные блины","3/4 стакана молока, 2 столовые ложки белого уксуса, 1 стакан муки, 2 столовые ложки белого сахара, 1 чайная ложка разрыхлителя, 1/2 чайной ложки пищевой соды, 1/2 чайной ложки соли, 1 яйцо, 2 столовые ложки сливочного масла растопленного","Смешайте молоко с уксусом в средней миске и отложите на 5 минут чтобы 'скислить'. Смешайте муку сахар разрыхлитель пищевую соду и соль в большой миске. Взбейте яйцо и масло в 'скисленное' молоко. Влейте мучную смесь в жидкие ингредиенты и взбейте до исчезновения комков. Разогрейте большую сковороду на среднем огне и смажьте кулинарным спреем. Вылейте по 1/4 стакана теста на сковороду и готовьте пока на поверхности не появятся пузырьки. Переверните лопаткой и готовьте до подрумянивания с другой стороны.","легкие и воздушные блины"
"Старомодные блины","1 1/2 стакана муки, 3 1/2 чайных ложки разрыхлителя, 1 чайная ложка соли, 1 столовая ложка белого сахара, 1 1/4 стакана молока, 1 яйцо, 3 столовые ложки сливочного масла растопленного","В большой миске просейте муку разрыхлитель соль и сахар. Сделайте углубление в центре и влейте молоко яйцо и растопленное масло; перемешайте до гладкости. Разогрейте слегка смазанную сковороду или сковороду на средне-высоком огне. Вылейте или выложите тесто на сковороду примерно по 1/4 стакана на каждый блин. Обжарьте с обеих сторон и подавайте горячим.","традиционные блины на завтрак"
"Банановые муффины с крошкой","1 1/2 стакана муки, 1 чайная ложка пищевой соды, 1 чайная ложка разрыхлителя, 1/2 чайной ложки соли, 3 банана размятых, 3/4 стакана белого сахара, 1 яйцо слегка взбитое, 1/3 стакана сливочного масла растопленного, 1/3 стакана упакованного коричневого сахара, 2 столовые ложки муки, 1/8 чайной ложки молотой корицы, 1 столовая ложка сливочного масла","Разогрейте духовку до 190 градусов C. Слегка смажьте 10 форм для муффинов или застелите бумажными вкладышами. В большой миске смешайте 1 1/2 стакана муки пищевую соду разрыхлитель и соль. В другой миске взбейте бананы сахар яйцо и растопленное масло. Добавьте банановую смесь в мучную смесь перемешайте до увлажнения. Выложите тесто в подготовленные формы для муффинов. В маленькой миске смешайте коричневый сахар 2 столовые ложки муки и корицу. Врежьте 1 столовую ложку масла до тех пор пока смесь не будет напоминать грубую кукурузную муку. Посыпьте муффины крошкой. Выпекайте в разогретой духовке 18-20 минут пока зубочистка вставленная в центр муффина не выйдет чистой.","влажные банановые муффины с крошкой"
"Брауни с ирландским кремом Бейлис","2 упаковки смеси для брауни, 1 стакан ирландского крема, 2/3 стакана растительного масла, 2 яйца, 1 стакан несоленого сливочного масла размягченного, 5 столовых ложек ирландского крема, 4 стакана сахарной пудры","Разогрейте духовку до 175 градусов C. Смажьте дно формы для желе размером 10 1/2x15 1/2 дюйма. Положите смесь для брауни в большую миску; добавьте 1 стакан ирландского крема растительное масло и яйца до образования гладкого теста. Выложите тесто в подготовленную форму. Выпекайте в разогретой духовке до тех пор пока брауни не застынут а зубочистка вставленная в центр не выйдет чистой около 20 минут. Дайте остыть полностью. Взбейте несоленое масло в большой миске до гладкости; добавьте 5 столовых ложек ирландского крема до кремообразного состояния. Медленно добавляйте сахарную пудру по 1 стакану за раз до желаемой густоты; намажьте на брауни для подачи.","шоколадные брауни с ирландским кремом"
"Яблочный пирог от бабушки Опл","1 рецепт теста для 9-дюймового пирога с двойной корочкой, 1/2 стакана несоленого сливочного масла, 3 столовые ложки муки, 1/4 стакана воды, 1/2 стакана белого сахара, 1/2 стакана упакованного коричневого сахара, 8 яблок Гренни Смит очищенных без сердцевины и нарезанных","Разогрейте духовку до 220 градусов C. Растопите масло в кастрюле. Добавьте муку чтобы образовалась паста. Добавьте воду белый и коричневый сахар доведите до кипения. Уменьшите температуру и дайте покипеть. Выложите нижний корж в форму. Наполните яблоками слегка горкой. Накройте решетчатым коржом. Медленно вылейте смесь сахара и масла на корж чтобы не стекало. Выпекайте 15 минут в разогретой духовке. Уменьшите температуру до 175 градусов C. Продолжайте выпекать 35-45 минут пока яблоки не станут мягкими.","классический яблочный пирог с карамелью"
"Легкий ирландский кольканнон","2 фунта картофеля очищенного и нарезанного кубиками, 1 кочан капусты нарезанный, 1 пучок зеленого лука нарезанного, 1/4 стакана сливочного масла размягченного, 1/2 стакана сливок, соль и черный перец по вкусу","Положите картофель капусту и зеленый лук в большую кастрюлю залейте водой и доведите до кипения. Уменьшите огонь накройте и тушите до тех пор пока картофель не станет мягким около 20 минут. Слейте воду и переложите овощи в большую миску. Разомните картофель и овощи с маслом вилкой до крупной консистенции постепенно вливая сливки. Приправьте солью и перцем и подавайте.","традиционное ирландское пюре с капустой"
"Курица с бальзамическим кленом от Энджи","2 столовые ложки кленового сиропа, 1 столовая ложка бальзамического уксуса, 1/4 чайной ложки чесночного порошка, 2 щепотки кайенского перца, 1 щепотка молотого белого перца, 1 щепотка молотого мускатного ореха, 1 щепотка молотого сушеного перца чипотле, 3 куриных грудки без кожи и костей, 1 столовая ложка оливкового масла","Взбейте кленовый сироп бальзамический уксус чесночный порошок кайенский перец белый перец мускатный орех и перец чипотле в маленькой миске до однородности. Покройте курицу со всех сторон. Разогрейте оливковое масло в большой сковороде на средне-высоком огне. Обжарьте курицу в горячем масле до тех пор пока она не перестанет быть розовой в центре а соки не станут прозрачными 5-10 минут с каждой стороны. Термометр вставленный в центр должен показывать не менее 74 градусов C.","сладкая и острая курица с кленом"
"Пикантный барбекю из курицы в медленноварке","6 замороженных куриных грудок без кожи и костей, 1 бутылка соуса барбекю, 1/2 стакана итальянской заправки для салата, 1/4 стакана коричневого сахара, 2 столовые ложки вустерширского соуса","Положите курицу в медленноварку. В миске смешайте соус барбекю итальянскую заправку коричневый сахар и вустерширский соус. Вылейте на курицу. Накройте и готовьте 3-4 часа на высокой или 6-8 часов на низкой температуре.","простой барбекю из курицы"
"Курица кордон блю II","6 куриных грудок без кожи и костей, 6 ломтиков швейцарского сыра, 6 ломтиков ветчины, 3 столовые ложки муки, 1 чайная ложка паприки, 6 столовых ложек сливочного масла, 1/2 стакана сухого белого вина, 1 чайная ложка куриного бульона, 1 столовая ложка кукурузного крахмала, 1 стакан жирных сливок","Отбейте куриные грудки если они слишком толстые. Положите по ломтику сыра и ветчины на каждую грудку не доходя 1/2 дюйма до краев. Загните края курицы поверх начинки и закрепите зубочистками. Смешайте муку и паприку в маленькой миске и покройте курицу. Разогрейте масло в большой сковороде на средне-высоком огне и обжарьте курицу до подрумянивания со всех сторон. Добавьте вино и бульон. Уменьшите огонь до низкого накройте и тушите 30 минут пока курица не перестанет быть розовой а соки не станут прозрачными. Удалите зубочистки и переложите грудки на теплое блюдо. Смешайте кукурузный крахмал со сливками в маленькой миске и медленно влейте в сковороду. Готовьте помешивая до загустения и вылейте на курицу. Подавайте теплым.","французская классика с ветчиной и сыром"
"Нью-йоркский чизкейк от Шанталь","15 крекеров Грэма измельченных, 2 столовые ложки сливочного масла растопленного, 4 упаковки сливочного сыра, 1 1/2 стакана белого сахара, 3/4 стакана молока, 4 яйца, 1 стакан сметаны, 1 столовая ложка ванильного экстракта, 1/4 стакана муки","Разогрейте духовку до 175 градусов C. Смажьте 9-дюймовую форму со съемным дном. В средней миске смешайте крошки крекеров Грэма с растопленным маслом. Выложите на дно формы. В большой миске взбейте сливочный сыр с сахаром до гладкости. Влейте молоко затем по одному добавьте яйца перемешивая до однородности. Добавьте сметану ваниль и муку до гладкости. Вылейте начинку в подготовленную корочку. Выпекайте в разогретой духовке 1 час. Выключите духовку и дайте чизкейку остыть в духовке с закрытой дверцей 5-6 часов; это предотвратит трещины. Охладите в холодильнике до подачи.","классический чизкейк с хрустящей корочкой"
"Запеченная курица терияки","1 столовая ложка кукурузного крахмала, 1 столовая ложка холодной воды, 1/2 стакана белого сахара, 1/2 стакана соевого соуса, 1/4 стакана яблочного уксуса, 1 зубчик чеснока измельченный, 1/2 чайной ложки молотого имбиря, 1/4 чайной ложки молотого черного перца, 12 куриных бедер без кожи","В маленькой кастрюле на низком огне смешайте кукурузный крахмал холодную воду сахар соевый соус уксус чеснок имбирь и молотый черный перец. Дайте покипеть часто помешивая пока соус не загустеет и не начнет пузыриться. Разогрейте духовку до 220 градусов C. Положите курицу в слегка смазанную форму для выпечки размером 9x13 дюймов. Смажьте курицу соусом. Переверните куски и снова смажьте. Выпекайте в разогретой духовке 30 минут. Переверните куски и выпекайте еще 30 минут пока курица не перестанет быть розовой а соки не станут прозрачными. Смазывайте соусом каждые 10 минут во время приготовления.","сочная курица с терияки"
"Гуакамоле","3 авокадо очищенных без косточек и размятых, 1 лайм выжатый, 1 чайная ложка соли, 1/2 стакана нарезанного лука, 3 столовые ложки нарезанной свежей кинзы, 2 помидора рома (сливовидных) нарезанных, 1 чайная ложка измельченного чеснока, 1 щепотка молотого кайенского перца (по желанию)","В средней миске разомните авокадо сок лайма и соль. Добавьте лук кинзу помидоры и чеснок. Добавьте кайенский перец. Охладите 1 час для лучшего вкуса или подавайте немедленно.","свежий и острый гуакамоле"
"Чили для тайлгейта Boilermaker","2 фунта говяжьего фарша, 1 фунт итальянской колбасы, 3 банки чили бобов слитых, 1 банка чили бобов в остром соусе, 2 банки нарезанных помидоров с соком, 1 банка томатной пасты, 1 большая желтая луковица нарезанная, 3 стебля сельдерея нарезанных, 1 зеленый болгарский перец очищенный от семян и нарезанный, 1 красный болгарский перец очищенный от семян и нарезанный, 2 зеленых чили очищенных от семян и нарезанных, 1 столовая ложка кусочков бекона, 4 кубика говяжьего бульона, 1/2 стакана пива, 1/4 стакана чили порошка, 1 столовая ложка вустерширского соуса, 1 столовая ложка измельченного чеснока, 1 столовая ложка сушеного орегано, 2 чайные ложки молотого кумина, 2 чайные ложки острого перечного соуса, 1 чайная ложка сушеного базилика, 1 чайная ложка соли, 1 чайная ложка молотого черного перца, 1 чайная ложка кайенского перца, 1 чайная ложка паприки, 1 чайная ложка белого сахара, 1 пакет кукурузных чипсов, 1 упаковка тертого сыра чеддер","Разогрейте большую кастрюлю на средне-высоком огне. Раскрошите говяжий фарш и колбасу в горячую кастрюлю и готовьте до равномерного подрумянивания. Слейте лишний жир. Влейте чили бобы острые чили бобы нарезанные помидоры и томатную пасту. Добавьте лук сельдерей зеленый и красный болгарские перцы чили кусочки бекона бульон и пиво. Приправьте чили порошком вустерширским соусом чесноком орегано кумином острым перечным соусом базиликом солью перцем кайенским перцем паприкой и сахаром. Перемешайте накройте и тушите на низком огне не менее 2 часов периодически помешивая. Через 2 часа попробуйте и при необходимости скорректируйте соль перец и чили порошок. Чем дольше чили тушится тем лучше вкус. Снимите с огня и подавайте или охладите и подавайте на следующий день. Для подачи разлейте по мискам и посыпьте кукурузными чипсами и тертым сыром чеддер.","острый и сытный чили"
"Запеченные свиные отбивные I","6 свиных отбивных, 1 чайная ложка чесночного порошка, 1 чайная ложка приправленной соли, 2 яйца взбитых, 1/4 стакана муки, 2 стакана итальянских панировочных сухарей, 4 столовые ложки оливкового масла, 1 банка сгущенного грибного супа, 1/2 стакана молока, 1/3 стакана белого вина","Разогрейте духовку до 175 градусов C. Промойте свиные отбивные обсушите и приправьте чесночным порошком и приправленной солью по вкусу. Положите взбитые яйца в маленькую миску. Обваляйте отбивные в муке обмакните в яйцо и обильно покройте панировочными сухарями. Разогрейте масло в средней сковороде на средне-высоком огне. Обжарьте отбивные по 5 минут с каждой стороны или пока панировка не подрумянится. Переложите отбивные в форму для выпечки размером 9x13 дюймов и накройте фольгой. Выпекайте в разогретой духовке 1 час. Во время выпечки смешайте грибной суп молоко и белое вино в средней миске. После того как отбивные пропеклись час полейте их суповой смесью. Накройте фольгой и выпекайте еще 30 минут.","хрустящие свиные отбивные с соусом"
"Легкие сахарные печенья","2 3/4 стакана муки, 1 чайная ложка пищевой соды, 1/2 чайной ложки разрыхлителя, 1 стакан сливочного масла размягченного, 1 1/2 стакана белого сахара, 1 яйцо, 1 чайная ложка ванильного экстракта","Разогрейте духовку до 190 градусов C. В маленькой миске смешайте муку пищевую соду и разрыхлитель. Отложите. В большой миске взбейте масло и сахар до гладкости. Добавьте яйцо и ваниль. Постепенно добавьте сухие ингредиенты. Скатайте тесто в шарики размером с чайную ложку и выложите на несмазанные противни. Выпекайте 8-10 минут в разогретой духовке или пока не подрумянятся. Дайте постоять на противне две минуты затем переложите на решетки для остывания.","простые и вкусные сахарные печенья"
"Суп с курицей и тако в медленноварке","1 луковица нарезанная, 1 банка чили бобов, 1 банка черных бобов, 1 банка целой кукурузы слитой, 1 банка томатного соуса, 1 банка или бутылка пива, 2 банки нарезанных помидоров с зелеными чили не слитых, 1 пакет приправы для тако, 3 целых куриных грудки без кожи и костей, 1 упаковка тертого сыра чеддер (по желанию), сметана (по желанию), измельченные чипсы тортилья (по желанию)","Положите лук чили бобы черные бобы кукурузу томатный соус пиво и нарезанные помидоры в медленноварку. Добавьте приправу для тако и перемешайте. Положите куриные грудки поверх смеси слегка придавив чтобы они были покрыты другими ингредиентами. Установите медленноварку на низкую температуру накройте и готовьте 5 часов. Выньте куриные грудки из супа и дайте остыть чтобы можно было их взять в руки. Разберите курицу на волокна и верните в суп продолжайте готовить еще 2 часа. Подавайте с тертым сыром чеддер сметаной и измельченными чипсами тортилья если хотите.","простой и сытный суп с тако"
"Тахини-миндальные вишневые печенья","1/2 стакана сливочного масла размягченного, 1/2 стакана жареного тахини, 3/4 стакана коричневого сахара, 3/4 стакана турбинадо сахара, 1/2 стакана миндальной пасты, 1 яйцо, 2 чайные ложки ванильного экстракта, 2 столовые ложки апельсинового сока, 1 1/2 стакана муки, 1 столовая ложка разрыхлителя, 1/2 чайной ложки соли, 1/2 стакана миндальной муки, 1/2 чайной ложки молотой корицы, 1/2 стакана мультизерновых хлопьев, 2/3 стакана сушеной кислой вишни, 3 столовые ложки турбинадо сахара","Разогрейте духовку до 190 градусов C. Смажьте противни или застелите пергаментной бумагой. В большой миске взбейте масло тахини коричневый сахар 3/4 стакана турбинадо сахара и миндальную пасту до гладкости. Добавьте яйцо ваниль и апельсиновый сок. Смешайте муку разрыхлитель соль миндальную муку и корицу; добавьте в тесто до однородности. Добавьте хлопья и вишню. Выкладывайте тесто ложками на подготовленные противни. Посыпьте оставшимися 3 столовыми ложками турбинадо сахара. Выпекайте 8-10 минут в разогретой духовке пока края не станут золотистыми. Остудите на противнях несколько минут затем переложите на решетки для полного остывания.","экзотические печенья с вишней и тахини"
"Рисовая каша с свининой и вековым яйцом","1 стакан сырого короткозерного белого риса, 1 столовая ложка растительного масла, 6 стаканов воды, 1 кубик свиного бульона, 2 стакана чар сиу (китайской жареной свинины) нарезанной кубиками, 6 зеленых луков нарезанных, 2 стакана воды, 2 консервированных утиных яйца (вековых яиц) очищенных и нарезанных кубиками","Промойте рис в нескольких водах. Слейте воду и положите в большую кастрюлю. Добавьте растительное масло в рис и дайте постоять 10 минут. Добавьте 6 стаканов воды кубик свиного бульона чар сиу и зеленый лук в рис. Доведите до кипения на сильном огне; уменьшите огонь до средне-низкого накройте и тушите 1 1/2 часа. Часто помешивайте чтобы рис не пригорел. Добавьте оставшиеся 2 стакана воды и вековые яйца. Продолжайте готовить еще 1 1/2 часа часто помешивая пока каша не достигнет желаемой консистенции. Каша готова когда отдельные зерна риса больше не видны а суп загустел.","традиционная азиатская рисовая каша"
"Свежий садовый салат","1 фунт красного картофеля вымытого и разрезанного пополам, 1 фунт белого картофеля вымытого и разрезанного пополам, 1/2 фунта свежих зеленых бобов обрезанных и разрезанных, 1/2 фунта свежих восковых бобов обрезанных и разрезанных, 1/2 стакана майонеза, 2 чайные ложки дижонской горчицы, 2 стебля сельдерея нарезанных, 1/3 стакана нарезанного свежего укропа, соль и перец по вкусу","Положите картофель в большую кастрюлю с достаточным количеством воды чтобы покрыть. Доведите до кипения и варите до мягкости около 10 минут. Добавьте зеленые и восковые бобы за последние 2 минуты чтобы бланшировать. Слейте воду и промойте под холодной водой чтобы остановить приготовление. Остудите перед добавлением заправки. В большой миске смешайте майонез горчицу сельдерей укроп соль и перец. Добавьте остывший картофель и бобы перемешайте чтобы покрыть. Охладите до подачи.","летний салат с картофелем и бобами"
"Винегрет с чесноком и болгарским перцем","1/2 красного болгарского перца нарезанного кубиками, 4 зубчика чеснока мелко нарезанных, 1 столовая ложка сушеной петрушки, 4 листа свежего базилика нарезанных, 2 столовые ложки оливкового масла, 1/2 стакана итальянской заправки для салата, 1 стакан красного винного уксуса, соль и перец по вкусу","Выберите чистую бутылку или банку с плотно закрывающейся крышкой. Положите перец чеснок петрушку и базилик в банку или бутылку. Влейте оливковое масло итальянскую заправку и красный винный уксус. Приправьте солью и перцем по вкусу. Закройте крышкой хорошо встряхните чтобы смешать и охладите не менее 2 дней чтобы вкусы развились.","ароматный винегрет для салатов"
"Чеддеровый сырный пирог","1 стакан сливочного масла, 1 стакан белого сахара, 4 яйца, 2/3 стакана нарезанного кубиками сыра чеддер, 2 1/4 стакана муки, 1 чайная ложка разрыхлителя, 3/4 стакана молока","Разогрейте духовку до 175 градусов C. Смажьте форму для выпечки размером 9x13 дюймов. В большой миске взбейте масло и сахар до легкой и пышной консистенции. По одному добавьте яйца затем сыр чеддер. Смешайте муку и разрыхлитель; добавьте в тесто чередуя с молоком до однородности. Вылейте в подготовленную форму. Выпекайте 45 минут в разогретой духовке или пока нож вставленный в центр не выйдет чистым.","необычный сырный пирог"
"Шоколадные печенья с секретом","1 стакан маргарина размягченного, 1 стакан белого сахара, 1 стакан упакованного коричневого сахара, 2 яйца, 1 чайная ложка ванильного экстракта, 1 чайная ложка растворимых гранул кофе со вкусом французской ванили, 1/8 чайной ложки воды, 1 чайная ложка клубничного джема, 1 чайная ложка подслащенного каштанового пюре, 1 столовая ложка быстрорастворимой смеси для горячего шоколада, 1 чайная ложка молотой корицы, 1 щепотка молотого мускатного ореха, 1 капля свежего лимонного сока, 1/4 чайной ложки апельсинового ликера, 1 капля кленового экстракта, 2 стакана муки, 2 1/2 стакана гранолы с орехами и изюмом, 1 чайная ложка разрыхлителя, 1 чайная ложка пищевой соды, 4 чайные ложки соли, 1 упаковка полусладких шоколадных чипсов, 1/2 стакана нарезанных и поджаренных грецких орехов, 1 унция шоколада с розмарином тертого","Разогрейте духовку до 190 градусов C. Слегка смажьте 2 противня. Взбейте маргарин с белым и коричневым сахаром в миске до легкой и пышной консистенции. Добавьте яйца и ванильный экстракт. В маленькой миске смешайте растворимый кофе и воду; добавьте в яично-сахарную смесь. Добавьте клубничный джем каштановое пюре смесь для горячего шоколада корицу мускатный орех лимонный сок апельсиновый ликер и кленовый экстракт до однородности. Постепенно добавьте муку гранолу разрыхлитель пищевую соду и соль до однородности. Добавьте шоколадные чипсы грецкие орехи и тертый шоколад до однородности. Отщипывайте тесто размером с столовую ложку и скатывайте в шарики диаметром 1 дюйм. Выложите шарики на подготовленные противни и расплющите стаканом посыпанным мукой до толщины 1/4 дюйма. Выпекайте в разогретой духовке до тех пор пока верх не застынет при легком прикосновении 10-12 минут. Остудите 10 минут на противнях затем переложите на решетку для полного остывания.","уникальные печенья с множеством вкусов"
"Жареная курица и картофель под землей","4 куриных грудки без кожи и костей, 2 столовые ложки растительного масла, 2 чайные ложки чесночной соли, 1/2 чайной ложки черного перца, 2 чайные ложки сушеного орегано, 4 средних картофелины для выпечки","Выкопайте яму глубиной около 1 фута в земле. Положите слой горячих углей на дно и покройте слоем земли толщиной 1/2 дюйма. Натрите куриные грудки маслом приправьте чесночной солью перцем и орегано. Заверните каждую грудку в алюминиевую фольгу и положите в яму. Накройте яму примерно 6 дюймами земли и дайте курице готовиться 3-4 часа. За 45 минут до еды заверните картофель в алюминиевую фольгу и положите в угли костра для приготовления. Когда картофель будет готов выкопайте курицу и подавайте с картофелем.","приключенческое блюдо на костре"
"Грузинский закат","1 рюмка бренди, 1 рюмка персикового шнапса, 1 унция сиропа гренадин, 1/4 стакана охлажденной лимонно-лаймовой газировки","В шейкере для коктейлей наполненном льдом смешайте бренди персиковый шнапс и гренадин. Энергично встряхните и процедите в стакан. Долейте лимонно-лаймовой газировкой.","освежающий коктейль с бренди"
"Фунтовый пирог с апельсиновым нектаром","1 упаковка влажной желтой смеси для торта, 4 яйца, 1/2 стакана белого сахара, 1/2 стакана растительного масла, 3/4 стакана апельсинового нектара, 1/4 стакана апельсинового бренди, 3 столовые ложки апельсинового нектара, 3 столовые ложки белого сахара, 2 столовые ложки сливочного масла","Разогрейте духовку до 175 градусов C. Смажьте и посыпьте мукой форму для кекса размером 9 или 10 дюймов. В большой миске смешайте смесь для торта яйца 1/2 стакана сахара масло 3/4 стакана апельсинового нектара и бренди используя электрический миксер на низкой скорости. Взбивайте 3 минуты на высокой скорости. Вылейте в подготовленную форму. Выпекайте 45 минут в разогретой духовке или пока зубочистка вставленная в центр не выйдет чистой. Остудите в форме затем выложите на сервировочное блюдо. Для глазури: смешайте 3 столовые ложки апельсинового нектара 3 столовые ложки сахара и масло в кастрюле. Готовьте на среднем огне помешивая пока масло не растопится а сахар не растворится. Дайте остыть одну минуту затем полейте пирог.","влажный пирог с апельсиновым вкусом"
"Шоколадный пирог с маком","1/4 стакана семян мака, 1 стакан пахты, 4 яичных белка, 1 стакан сливочного масла, 1 1/4 стакана белого сахара, 4 яичных желтка, 2 1/2 стакана муки, 1 чайная ложка пищевой соды, 2 столовые ложки разрыхлителя, 2 чайные ложки ванильного экстракта, 3/4 стакана миниатюрных темных шоколадных чипсов, сахар с корицей по вкусу","Разогрейте духовку до 175 градусов C. Слегка смажьте и посыпьте мукой форму для кекса или форму для ангельского пирога. Залейте семена мака пахтой в маленькой миске. Дайте постоять 15 минут. Тем временем взбейте яичные белки до средних пиков; отложите. Взбейте масло и сахар в большой миске до пышности. По одному добавьте яичные желтки хорошо перемешивая. Просейте муку пищевую соду и разрыхлитель в яичную смесь; аккуратно перемешайте. Добавьте семена мака молоко и ванильный экстракт. Осторожно добавьте взбитые яичные белки до однородности. Вылейте половину теста в подготовленную форму. Посыпьте шоколадными чипсами и сахаром с корицей. Вылейте оставшееся тесто поверх посыпьте дополнительным сахаром с корицей. Слегка проведите ножом чтобы распределить шоколадные чипсы и сахар с корицей. Выпекайте в разогретой духовке до тех пор пока зубочистка вставленная в центр не выйдет чистой около 1 часа. Дайте пирогу полностью остыть перед выниманием из формы.","шоколадный пирог с маком и корицей"
"Мекселлент чизбургеры","1 фунт говяжьего фарша, 1 капля острого перечного соуса или по вкусу, 1 авокадо очищенный без косточки и нарезанный, 3 ломтика сыра Монтерей Джек нарезанных полосками шириной 2 дюйма, 3 больших английских маффина разрезанных и поджаренных, 3 чайные ложки дижонской горчицы, 1 банка нарезанных зеленых чили слитых","Разделите говяжий фарш на три равные части. Приправьте каждую острым перечным соусом. Сформируйте котлеты немного больше чем английские маффины. Разогрейте сковороду на средне-высоком огне. Накройте и обжарьте котлеты около 4 минут с каждой стороны или до готовности. Положите по два куска сыра крест-накрест на каждую котлету. Накройте и выключите огонь. Выложите поджаренные английские маффины на сервировочную тарелку. Намажьте нижнюю половину тонким слоем дижонской горчицы. Положите несколько ломтиков авокадо поверх горчицы и разомните вилкой. Положите котлеты поверх авокадо и сверху выложите слой зеленых чили. Накройте верхними половинами английских маффинов. Подавайте и наслаждайтесь!","мексиканские чизбургеры с авокадо"
"Волшебное зелье Шелби","1/2 стакана белого сахара, 1 пакет несладкого фруктового порошка для напитков, 1 литр лимонно-лаймовой газировки, 1/2 стакана холодной воды, 1 кварта ванильного мороженого","В большой кувшин добавьте сахар порошок для напитков и холодную воду. Влейте лимонно-лаймовую газировку и перемешайте. Положите по одному или два шарика мороженого в стаканы и налейте пунш. Он будет 'пузыриться'.","освежающий пунш с мороженым"
"Форель на костре","4 форели очищенных и без головы, соль и перец по вкусу, 4 столовые ложки сливочного масла разделенных, 1 средний зеленый болгарский перец нарезанный, 1 зубчик чеснока измельченный (по желанию)","Положите каждую форель на кусок алюминиевой фольги. Приправьте солью и перцем затем начините полость 1 столовой ложкой масла зеленым перцем и чесноком если используете. Плотно заверните форель в фольгу формируя пакеты. Используйте дополнительную фольгу чтобы закрепить каждый пакет на металлическом шампуре для удобства вынимания из углей. Положите пакеты в красные горячие тлеющие угли костра и готовьте до готовности рыбы 7-10 минут в зависимости от жара огня.","простая форель на костре"
"Миндально-пряный сэндвич","1/2 стакана миндального масла, 1 столовая ложка меда, 1 чайная ложка молотой корицы, 4 столовые ложки нарезанного миндаля, 4 столовые ложки изюма, 8 ломтиков цельнозернового хлеба","В маленькой миске смешайте миндальное масло мед и корицу. Намажьте примерно 2 столовые ложки смеси миндального масла на один ломтик хлеба. Посыпьте по одной столовой ложке нарезанного миндаля и изюма поверх миндального масла и накройте другим ломтиком хлеба. Повторите с оставшимися ингредиентами.","здоровый сэндвич с миндальным маслом"
"Красные стручковые бобы","2 столовые ложки оливкового масла, 1 луковица нарезанная, 3 зубчика чеснока нарезанных, 2 банки французских зеленых бобов слитых, 1 банка томатной пасты, 1/4 стакана воды, 1 чайная ложка соли, 1 чайная ложка молотого черного перца, 1 столовая ложка молотого кумина","Разогрейте масло в большой кастрюле на среднем огне. Добавьте лук и готовьте несколько минут. Когда лук станет мягким добавьте чеснок и готовьте до появления аромата. Добавьте зеленые бобы; готовьте помешивая две минуты. Добавьте томатную пасту и воду приправьте солью перцем и кумином. Тушите еще 5 минут на низком огне перед подачей.","пикантные бобы с томатным соусом"
"Еда для богов","целые крекеры Грэма, 1/2 стакана сливочного масла, 1 стакан коричневого сахара, 1 яйцо взбитое, 1 стакан крошек крекеров Грэма, 1 стакан тертого кокоса, 1 стакан нарезанных грецких орехов, Для глазури: 1/2 стакана сливочного масла, 3 столовые ложки сгущенного молока, 2 столовые ложки ванильного заварного порошка, 2 стакана сахарной пудры, 1 чайная ложка ванильного экстракта","Выстелите форму для выпечки размером 9x9 дюймов целыми крекерами Грэма не перекрывая их. В кастрюле на среднем огне доведите до кипения 1/2 стакана масла коричневый сахар и яйцо. Добавьте крошки крекеров кокос и грецкие орехи. Снимите кастрюлю с огня. Осторожно выложите на целые крекеры покрывая всю поверхность формы. Взбейте 1/2 стакана масла сгущенное молоко заварной порошок сахарную пудру и ваниль. Равномерно намажьте глазурь на начинку из измельченных крекеров. Накройте и охладите.","сладкий десерт с кокосом и орехами"
"Специальная весенняя овощная смесь","2 столовые ложки сливочного масла, 1 стакан замороженного жемчужного лука, 3 стакана свежей спаржи нарезанной на 1-дюймовые куски, 1 стакан свежей моркови очищенной и нарезанной на монетки толщиной 1/4 дюйма, 1 стакан свежего снежного горошка очищенного, 1 стакан замороженных артишоков, 1/2 чайной ложки соли, 1 стакан замороженного зеленого горошка, 1/2 стакана тонко нарезанных зеленых верхушек зеленого лука, черный перец по вкусу","Растопите масло в большой глубокой сковороде на средне-высоком огне. Осторожно добавьте жемчужный лук; обжарьте до золотисто-коричневого цвета около 5 минут. Снимите сковороду с огня. Добавьте спаржу морковь снежный горошек артишоки соль и 1/2 стакана воды в сковороду. Верните на сильный огонь; накройте и готовьте пока овощи не начнут испарять влагу. Готовьте на пару под крышкой пока почти не станут мягкими около 5 минут. Добавьте горошек; продолжайте готовить на пару пока овощи не станут мягкими еще около 1 минуты. Добавьте верхушки зеленого лука и приправьте перцем и при необходимости солью. Подавайте немедленно.","яркая весенняя овощная смесь"
"Жареные говяжьи ребрышки","3 литра арахисового масла для жарки, 2 столовые ложки соли, 3 столовые ложки крупномолотого черного перца, 2 столовые ложки кайенского перца, 2 столовые ложки чесночной соли, 2 столовые ложки луковой соли, 2 стакана муки, 6 яиц взбитых, 6 фунтов говяжьих ребрышек нарезанных на отдельные ребра","Разогрейте масло в фритюрнице до 190 градусов C. В средней миске смешайте соль черный перец кайенский перец чесночную соль и луковую соль. Положите муку в отдельную миску или тарелку. Взбейте яйца в большой миске. Натрите смесь специй на все ребра. Обмакните каждое ребро в яйцо затем в муку затем снова в яйцо и муку. Положите ребра в корзину фритюрницы чтобы они не соприкасались примерно по 4-5 за раз в зависимости от размера фритюрницы. Готовьте около 8 минут. Выложите на бумажные полотенца чтобы слить масло. Продолжайте с оставшимися ребрами.","хрустящие и острые говяжьи ребрышки"
"Пудинг из саго (Гула Мелака)","10 стаканов воды, 7 унций жемчужного саго промытого и слитого, 7 унций пальмового сахара, 1/2 стакана воды, 2 стакана консервированного кокосового молока","Доведите 10 стаканов воды до кипения в большой кастрюле. Постепенно добавьте саго чтобы не было комков. Верните к кипению затем уменьшите огонь до низкого. Готовьте пока саго не станет прозрачным периодически помешивая около 30 минут. Вылейте саго в формочки для желе и охладите на ночь. В маленькой кастрюле смешайте пальмовый сахар и воду. Доведите до кипения и готовьте пока сахар не растворится. Процедите через мелкое сито чтобы удалить примеси. Размять пудинги и подавайте с кокосовым молоком и сиропом из пальмового сахара (гула мелака) отдельно для каждого чтобы полить по своему вкусу.","традиционный малайский десерт с саго"
"Быстрые фаршированные яйца с лососем","18 яиц, 6 унций крем-сыра с копченым лососем, 2 столовые ложки майонеза, паприка по вкусу","Положите яйца в кастрюлю в один слой и залейте холодной водой чтобы покрыть яйца не менее чем на 1 дюйм. Накройте кастрюлю и доведите воду до кипения на сильном огне. Снимите с огня и дайте яйцам постоять в горячей воде 15 минут. Выньте яйца из воды и охладите. Очистите когда остынут. Разрежьте яйца пополам вдоль. Выньте желтки в миску отложите белки. Разомните желтки с крем-сыром и майонезом до однородности. Наполните половинки белков яичной смесью с помощью ложки. Посыпьте паприкой. Охладите до подачи.","быстрые и вкусные фаршированные яйца"
"Суп с тофу и лапшой в кокосово-карри","1 столовая ложка оливкового масла, 1 луковица мелко нарезанная, 2 зубчика чеснока измельченных, 1/4 стакана воды, 2 моркови нарезанные, 1/2 кабачка нарезанного, 1 1/2 столовые ложки молотого кориандра, 1 1/2 столовые ложки молотого кумина, 2 1/2 чайные ложки молотой куркумы, 2 1/2 чайные ложки молотого имбиря, 1 столовая ложка порошка карри, 1 упаковка очень твердого тофу слитого и нарезанного кубиками, 1 кварта овощного бульона, 1/2 упаковки сырой цельнозерновой спагетти, 1 банка нежирного сгущенного молока, 2 столовые ложки кокосового экстракта, соль и перец по вкусу","Разогрейте масло в сковороде на среднем огне и обжарьте лук и чеснок до мягкости. Добавьте воду морковь и кабачок. Приправьте кориандром кумином куркумой имбирем и порошком карри. Добавьте тофу и продолжайте готовить 10 минут пока овощи не станут мягкими а тофу не прогреется. Доведите бульон до кипения в большой кастрюле и варите лапшу около 3 минут. Добавьте тофу и овощи в кастрюлю. Добавьте сгущенное молоко и кокосовый экстракт. Приправьте солью и перцем. Продолжайте готовить пока лапша не станет мягкой.","экзотический суп с тофу и лапшой"
"Паста с свининой и яблочным соусом","8 унций сырой феттучини, 2 больших яблока очищенных без сердцевины и нарезанных, 1 лук-шалот, 1 столовая ложка базилика, 1/4 стакана красного вина, 2 столовые ложки оливкового масла, 4 свиных отбивных без костей, 1 чайная ложка молотого мускатного ореха, свежемолотый черный перец по вкусу, 1 чайная ложка вустерширского соуса, 1/2 красного лука нарезанного, 3 зубчика чеснока измельченных, 1 стакан нарезанных вяленых помидоров, 1 стакан нарезанной свежей брокколи, 1/2 красного болгарского перца нарезанного","Доведите большую кастрюлю с подсоленной водой до кипения. Положите пасту в кастрюлю варите 8-10 минут до состояния аль денте и слейте воду. Положите яблоки лук-шалот базилик и красное вино в блендер и пюрируйте. Разогрейте масло в сковороде на среднем огне. Положите свиные отбивные в сковороду приправьте мускатным орехом и перцем сбрызните вустерширским соусом. Готовьте около 4 минут затем добавьте лук и чеснок. Продолжайте готовить 4 минуты или до желаемой степени готовности. Добавьте вяленые помидоры брокколи и красный болгарский перец в сковороду. Продолжайте готовить пока брокколи не станет мягкой. Добавьте яблочную смесь и готовьте до прогрева. Подавайте поверх приготовленной пасты.","паста с свининой и яблочным соусом"
"Махаллеби","5 столовых ложек кукурузной муки, 4 стакана молока разделенных, 1 стакан белого сахара, ванильный экстракт по вкусу, 3/4 стакана жирных сливок, 2 стакана мелко нарезанных фисташек, 2 стакана воды, 2 стакана белого сахара, 1 столовая ложка лимонного сока, 3 палочки корицы","В маленькой миске смешайте кукурузную муку и 1 стакан молока. В кастрюле на сильном огне смешайте 3 стакана молока сахар и ваниль. Доведите до кипения. Добавьте смесь кукурузной муки и молока в кастрюлю. Уменьшите огонь до низкого и дайте остыть; затем добавьте сливки постоянно помешивая пока крем не загустеет. Дайте остыть затем разлейте по индивидуальным мискам или в одну большую сервировочную миску. Посыпьте фисташками. Накройте и охладите. Для сиропа: смешайте воду сахар и лимонный сок в кастрюле на сильном огне. Доведите до кипения. Положите палочки корицы в кастрюлю и варите около 5 минут. Процедите жидкость и перелейте в миску. Дайте остыть; накройте и охладите. Подавайте пудинги холодными полив холодным сиропом.","традиционный ближневосточный пудинг"
"Пикантный стейк-спрей","1/4 стакана сладкого вермута, 1/4 стакана бренди, 1 столовая ложка жидкого дымного ароматизатора, 1/8 стакана Kitchen Bouquet, 1/2 стакана вустерширского соуса, 1 чайная ложка приправы для стейка, 1 чайная ложка приправленной соли, 1/2 чайной ложки молотого черного перца","В новом распылителе смешайте вермут бренди жидкий дым Kitchen Bouquet вустерширский соус приправу для стейка приправленную соль и перец. Закройте крышкой и встряхните чтобы смешать. Распыляйте на стейки во время жарки.","ароматный спрей для стейков"
"Жареный лосось с дымком","1 филе лосося замороженное, 1 чайная ложка морской соли, молотый черный перец по вкусу, 1 капля жидкого дымного ароматизатора, 2 столовые ложки сливочного масла разделенных","Слегка разморозьте лосось в холодной воде и удалите кожу. Используя очень острый нож нарежьте филе на тонкие ломтики. Положите ломтики в миску и посыпьте солью и перцем. Полейте достаточным количеством жидкого дыма чтобы покрыть рыбу и охладите 30 минут. Разогрейте масло в большой сковороде на среднем огне. Обжарьте ломтики лосося несколько минут перевернув один раз. Рыба должна легко распадаться вилкой когда будет готова.","быстрый жареный лосось с дымком"
"Японский спагетти-суп","1 фунт сырых спагетти, 1 фунт говяжьей вырезки нарезанной полосками, 32 унции куриного бульона, 1 огурец очищенный и нарезанный, красный винный уксус по вкусу, соль и перец по вкусу","Доведите большую кастрюлю с подсоленной водой до кипения. Добавьте пасту и варите до состояния аль денте около 8-10 минут. Слейте воду и отложите. Тем временем в сковороде на среднем огне обжарьте полоски стейка около 5 минут. Нагрейте куриный бульон в кастрюле на среднем огне. Разделите приготовленные спагетти по большим мискам сверху выложите огурец и стейк. Затем налейте куриный бульон чтобы получился суп. Приправьте по вкусу красным винным уксусом солью и перцем.","необычный спагетти-суп с говядиной"
"Фаршированные финики с чоризо","1 ссылка чоризо, 12 фиников без косточек, 3 ломтика бекона разрезанных на четверти, 2 стакана растительного масла для жарки (по желанию), 1 яйцо взбитое (по желанию), 1 чайная ложка воды (по желанию), 1/4 стакана муки (по желанию)","Отрежьте концы чоризо и нарежьте на 12 кубиков. Начините каждый финик одним кубиком. Оберните кусок бекона вокруг каждого финика и закрепите зубочисткой. Эта часть может быть сделана заранее. Разогрейте сковороду на средне-высоком огне. Положите финики в сковороду швом бекона вниз. Обжарьте до золотистого цвета затем переверните и обжарьте с другой стороны пока бекон не пропечется. Вы можете подавать их сейчас или продолжить покрыв и обжарив. Разогрейте масло во фритюрнице или большой сковороде до 190 градусов C. Взбейте яйцо и воду в маленькой миске. Обваляйте финики в муке затем обмакните в яйцо. Положите сразу в горячее масло и обжарьте до золотистого цвета перевернув один раз. Это займет около 4 минут. Слейте масло и подавайте немедленно.","сладкие и острые фаршированные финики"
"Пасхальный фунтовый пирог с ягненком","1 фунт сливочного масла комнатной температуры, 3 стакана сахара разделенных, 8 яиц отделенных, 3 стакана просеянной муки, 2 чайные ложки ванили, 2 чайные ложки миндального экстракта, 1/3 стакана бурбона, 1/2 стакана нарезанных орехов пекан, 2 стакана белой глазури, подслащенные кокосовые хлопья для украшения, желейные бобы или другие маленькие конфеты по желанию","Разогрейте духовку до 175 градусов C. Смажьте и посыпьте мукой форму для торта в форме ягненка. Взбейте масло и 2 стакана сахара электрическим миксером в большой миске до легкой и пышной консистенции. Смесь должна стать заметно светлее. По одному добавьте яичные желтки давая каждому желтку смешаться с масляной смесью прежде чем добавлять следующий. Постепенно добавляйте муку чередуя с ванилью миндальным экстрактом и бурбоном. Перемешайте до полного включения. В отдельной миске взбейте яичные белки до пены. Постепенно добавляйте сахар продолжая взбивать пока не образуются средние пики. Осторожно добавьте 1/3 яичной белковой смеси в тесто чтобы осветлить его. Добавьте оставшиеся яичные белки и нарезанные орехи пекан. Вылейте около 1 стакана теста в подготовленную форму для торта. Вставьте зубочистку в каждое ухо и нос чтобы пирог держался вместе во время выпечки. Вылейте оставшееся тесто в форму. Выпекайте в разогретой духовке 1 1/2 часа или пока зубочистка вставленная в центр не выйдет чистой. Дайте остыть в форме не менее 10 минут затем переверните на решетку для полного остывания. Когда пирог полностью остынет переложите его на сервировочное блюдо и украсьте белой глазурью кокосом и конфетами.","традиционный пасхальный пирог с ягненком"
"Бакалаврский острый мексиканский бобовый дип","1 столовая ложка оливкового масла, 1 зубчик чеснока измельченный, 1 луковица нарезанная, 1 банка нарезанных перцев халапеньо, 1 банка черных бобов с зелеными чили слитых, 1 банка нарезанных помидоров с зелеными чили слитых, 1 банка дипа с сыром начо","Разогрейте оливковое масло в большой кастрюле на среднем огне. Добавьте лук и чеснок; готовьте помешивая пока лук не станет прозрачным около 5 минут. Влейте халапеньо черные бобы нарезанные помидоры с зелеными чили и дип с сыром. Нагрейте помешивая чтобы смешать по мере необходимости. Подавайте горячим.","острый и сытный бобовый дип"
"Горячий чеддер-оливковый хлеб","4 унции тертого сыра чеддер, 1/4 стакана кремовой заправки для салата, 3 столовые ложки мелко нарезанного лука, 1/2 чайной ложки чили порошка, 1 буханка французского хлеба разрезанная пополам вдоль, 1 столовая ложка нарезанных спелых оливок","Разогрейте духовку до 175 градусов C. В миске смешайте сыр чеддер кремовую заправку лук и чили порошок. Намажьте каждую половину хлеба равным количеством смеси и посыпьте оливками. Закройте половины и разрежьте буханку на 12 ломтиков. Заверните в алюминиевую фольгу. Выпекайте 10-15 минут в разогретой духовке пока сыр не расплавится.","хрустящий хлеб с сыром"